Year,Month,Sales,Date,Decade
1992,JAN,146925.0,1992-01-01,1990
1992,FEB,147223.0,1992-02-01,1990
1992,MAR,146805.0,1992-03-01,1990
1992,APR,148032.0,1992-04-01,1990
1992,MAY,149010.0,1992-05-01,1990
1992,JUN,149800.0,1992-06-01,1990
1992,JUL,150761.0,1992-07-01,1990
1992,AUG,151067.0,1992-08-01,1990
1992,SEP,152588.0,1992-09-01,1990
1992,OCT,153521.0,1992-10-01,1990
1992,NOV,153583.0,1992-11-01,1990
1992,DEC,155614.0,1992-12-01,1990
1993,JAN,157555.0,1993-01-01,1990
1993,FEB,156266.0,1993-02-01,1990
1993,MAR,154752.0,1993-03-01,1990
1993,APR,158979.0,1993-04-01,1990
1993,MAY,160605.0,1993-05-01,1990
1993,JUN,160127.0,1993-06-01,1990
1993,JUL,162816.0,1993-07-01,1990
1993,AUG,162506.0,1993-08-01,1990
1993,SEP,163258.0,1993-09-01,1990
1993,OCT,164685.0,1993-10-01,1990
1993,NOV,166594.0,1993-11-01,1990
1993,DEC,168161.0,1993-12-01,1990
1994,JAN,167518.0,1994-01-01,1990
1994,FEB,169649.0,1994-02-01,1990
1994,MAR,172766.0,1994-03-01,1990
1994,APR,173106.0,1994-04-01,1990
1994,MAY,172329.0,1994-05-01,1990
1994,JUN,174241.0,1994-06-01,1990
1994,JUL,174781.0,1994-07-01,1990
1994,AUG,177295.0,1994-08-01,1990
1994,SEP,178787.0,1994-09-01,1990
1994,OCT,180561.0,1994-10-01,1990
1994,NOV,180703.0,1994-11-01,1990
1994,DEC,181524.0,1994-12-01,1990
1995,JAN,182413.0,1995-01-01,1990
1995,FEB,179488.0,1995-02-01,1990
1995,MAR,181013.0,1995-03-01,1990
1995,APR,181686.0,1995-04-01,1990
1995,MAY,183536.0,1995-05-01,1990
1995,JUN,186081.0,1995-06-01,1990
1995,JUL,185431.0,1995-07-01,1990
1995,AUG,186806.0,1995-08-01,1990
1995,SEP,187366.0,1995-09-01,1990
1995,OCT,186565.0,1995-10-01,1990
1995,NOV,189055.0,1995-11-01,1990
1995,DEC,190774.0,1995-12-01,1990
1996,JAN,189135.0,1996-01-01,1990
1996,FEB,192266.0,1996-02-01,1990
1996,MAR,194029.0,1996-03-01,1990
1996,APR,194744.0,1996-04-01,1990
1996,MAY,196205.0,1996-05-01,1990
1996,JUN,196136.0,1996-06-01,1990
1996,JUL,196187.0,1996-07-01,1990
1996,AUG,196218.0,1996-08-01,1990
1996,SEP,198859.0,1996-09-01,1990
1996,OCT,200509.0,1996-10-01,1990
1996,NOV,200174.0,1996-11-01,1990
1996,DEC,201284.0,1996-12-01,1990
1997,JAN,202371.0,1997-01-01,1990
1997,FEB,204286.0,1997-02-01,1990
1997,MAR,204990.0,1997-03-01,1990
1997,APR,203399.0,1997-04-01,1990
1997,MAY,201699.0,1997-05-01,1990
1997,JUN,204675.0,1997-06-01,1990
1997,JUL,207014.0,1997-07-01,1990
1997,AUG,207635.0,1997-08-01,1990
1997,SEP,208326.0,1997-09-01,1990
1997,OCT,208078.0,1997-10-01,1990
1997,NOV,208936.0,1997-11-01,1990
1997,DEC,209363.0,1997-12-01,1990
1998,JAN,209666.0,1998-01-01,1990
1998,FEB,209552.0,1998-02-01,1990
1998,MAR,210832.0,1998-03-01,1990
1998,APR,213633.0,1998-04-01,1990
1998,MAY,214639.0,1998-05-01,1990
1998,JUN,216337.0,1998-06-01,1990
1998,JUL,214841.0,1998-07-01,1990
1998,AUG,213636.0,1998-08-01,1990
1998,SEP,215720.0,1998-09-01,1990
1998,OCT,219483.0,1998-10-01,1990
1998,NOV,221134.0,1998-11-01,1990
1998,DEC,223179.0,1998-12-01,1990
1999,JAN,223997.0,1999-01-01,1990
1999,FEB,226250.0,1999-02-01,1990
1999,MAR,227417.0,1999-03-01,1990
1999,APR,229037.0,1999-04-01,1990
1999,MAY,231235.0,1999-05-01,1990
1999,JUN,231903.0,1999-06-01,1990
1999,JUL,233948.0,1999-07-01,1990
1999,AUG,236566.0,1999-08-01,1990
1999,SEP,237481.0,1999-09-01,1990
1999,OCT,237553.0,1999-10-01,1990
1999,NOV,240544.0,1999-11-01,1990
1999,DEC,245485.0,1999-12-01,1990
2000,JAN,243436.0,2000-01-01,2000
2000,FEB,247133.0,2000-02-01,2000
2000,MAR,249825.0,2000-03-01,2000
2000,APR,245831.0,2000-04-01,2000
2000,MAY,246201.0,2000-05-01,2000
2000,JUN,248160.0,2000-06-01,2000
2000,JUL,247176.0,2000-07-01,2000
2000,AUG,247576.0,2000-08-01,2000
2000,SEP,251837.0,2000-09-01,2000
2000,OCT,251221.0,2000-10-01,2000
2000,NOV,250331.0,2000-11-01,2000
2000,DEC,250658.0,2000-12-01,2000
2001,JAN,252654.0,2001-01-01,2000
2001,FEB,252704.0,2001-02-01,2000
2001,MAR,250328.0,2001-03-01,2000
2001,APR,254763.0,2001-04-01,2000
2001,MAY,255218.0,2001-05-01,2000
2001,JUN,254022.0,2001-06-01,2000
2001,JUL,252997.0,2001-07-01,2000
2001,AUG,254560.0,2001-08-01,2000
2001,SEP,249845.0,2001-09-01,2000
2001,OCT,267999.0,2001-10-01,2000
2001,NOV,260514.0,2001-11-01,2000
2001,DEC,256549.0,2001-12-01,2000
2002,JAN,256307.0,2002-01-01,2000
2002,FEB,257670.0,2002-02-01,2000
2002,MAR,257059.0,2002-03-01,2000
2002,APR,261333.0,2002-04-01,2000
2002,MAY,257573.0,2002-05-01,2000
2002,JUN,259786.0,2002-06-01,2000
2002,JUL,262769.0,2002-07-01,2000
2002,AUG,265043.0,2002-08-01,2000
2002,SEP,260626.0,2002-09-01,2000
2002,OCT,261953.0,2002-10-01,2000
2002,NOV,263568.0,2002-11-01,2000
2002,DEC,265930.0,2002-12-01,2000
2003,JAN,267230.0,2003-01-01,2000
2003,FEB,263188.0,2003-02-01,2000
2003,MAR,267820.0,2003-03-01,2000
2003,APR,267197.0,2003-04-01,2000
2003,MAY,267362.0,2003-05-01,2000
2003,JUN,270396.0,2003-06-01,2000
2003,JUL,273352.0,2003-07-01,2000
2003,AUG,277965.0,2003-08-01,2000
2003,SEP,276430.0,2003-09-01,2000
2003,OCT,274764.0,2003-10-01,2000
2003,NOV,278298.0,2003-11-01,2000
2003,DEC,277612.0,2003-12-01,2000
2004,JAN,278913.0,2004-01-01,2000
2004,FEB,280932.0,2004-02-01,2000
2004,MAR,286209.0,2004-03-01,2000
2004,APR,282952.0,2004-04-01,2000
2004,MAY,288252.0,2004-05-01,2000
2004,JUN,284133.0,2004-06-01,2000
2004,JUL,287358.0,2004-07-01,2000
2004,AUG,287941.0,2004-08-01,2000
2004,SEP,293139.0,2004-09-01,2000
2004,OCT,295115.0,2004-10-01,2000
2004,NOV,296177.0,2004-11-01,2000
2004,DEC,299763.0,2004-12-01,2000
2005,JAN,296696.0,2005-01-01,2000
2005,FEB,300557.0,2005-02-01,2000
2005,MAR,301308.0,2005-03-01,2000
2005,APR,303760.0,2005-04-01,2000
2005,MAY,301776.0,2005-05-01,2000
2005,JUN,310989.0,2005-06-01,2000
2005,JUL,313520.0,2005-07-01,2000
2005,AUG,310046.0,2005-08-01,2000
2005,SEP,310673.0,2005-09-01,2000
2005,OCT,310479.0,2005-10-01,2000
2005,NOV,313303.0,2005-11-01,2000
2005,DEC,313473.0,2005-12-01,2000
2006,JAN,322348.0,2006-01-01,2000
2006,FEB,320171.0,2006-02-01,2000
2006,MAR,320869.0,2006-03-01,2000
2006,APR,322561.0,2006-04-01,2000
2006,MAY,321794.0,2006-05-01,2000
2006,JUN,323184.0,2006-06-01,2000
2006,JUL,324204.0,2006-07-01,2000
2006,AUG,325324.0,2006-08-01,2000
2006,SEP,323236.0,2006-09-01,2000
2006,OCT,322678.0,2006-10-01,2000
2006,NOV,323343.0,2006-11-01,2000
2006,DEC,326849.0,2006-12-01,2000
2007,JAN,327181.0,2007-01-01,2000
2007,FEB,327953.0,2007-02-01,2000
2007,MAR,330579.0,2007-03-01,2000
2007,APR,329560.0,2007-04-01,2000
2007,MAY,334202.0,2007-05-01,2000
2007,JUN,331076.0,2007-06-01,2000
2007,JUL,332342.0,2007-07-01,2000
2007,AUG,334169.0,2007-08-01,2000
2007,SEP,335442.0,2007-09-01,2000
2007,OCT,337530.0,2007-10-01,2000
2007,NOV,341133.0,2007-11-01,2000
2007,DEC,336189.0,2007-12-01,2000
2008,JAN,337412.0,2008-01-01,2000
2008,FEB,334584.0,2008-02-01,2000
2008,MAR,335193.0,2008-03-01,2000
2008,APR,334843.0,2008-04-01,2000
2008,MAY,337947.0,2008-05-01,2000
2008,JUN,338311.0,2008-06-01,2000
2008,JUL,336771.0,2008-07-01,2000
2008,AUG,334045.0,2008-08-01,2000
2008,SEP,328343.0,2008-09-01,2000
2008,OCT,314830.0,2008-10-01,2000
2008,NOV,301332.0,2008-11-01,2000
2008,DEC,294025.0,2008-12-01,2000
2009,JAN,298673.0,2009-01-01,2000
2009,FEB,297631.0,2009-02-01,2000
2009,MAR,292300.0,2009-03-01,2000
2009,APR,293614.0,2009-04-01,2000
2009,MAY,296501.0,2009-05-01,2000
2009,JUN,302169.0,2009-06-01,2000
2009,JUL,302802.0,2009-07-01,2000
2009,AUG,309023.0,2009-08-01,2000
2009,SEP,301033.0,2009-09-01,2000
2009,OCT,304154.0,2009-10-01,2000
2009,NOV,306675.0,2009-11-01,2000
2009,DEC,308413.0,2009-12-01,2000
2010,JAN,308299.0,2010-01-01,2010
2010,FEB,308628.0,2010-02-01,2010
2010,MAR,316003.0,2010-03-01,2010
2010,APR,318707.0,2010-04-01,2010
2010,MAY,315604.0,2010-05-01,2010
2010,JUN,314925.0,2010-06-01,2010
2010,JUL,315632.0,2010-07-01,2010
2010,AUG,317408.0,2010-08-01,2010
2010,SEP,320080.0,2010-09-01,2010
2010,OCT,323900.0,2010-10-01,2010
2010,NOV,327745.0,2010-11-01,2010
2010,DEC,329627.0,2010-12-01,2010
2011,JAN,332357.0,2011-01-01,2010
2011,FEB,334710.0,2011-02-01,2010
2011,MAR,338007.0,2011-03-01,2010
2011,APR,339884.0,2011-04-01,2010
2011,MAY,339303.0,2011-05-01,2010
2011,JUN,341600.0,2011-06-01,2010
2011,JUL,341373.0,2011-07-01,2010
2011,AUG,342288.0,2011-08-01,2010
2011,SEP,345496.0,2011-09-01,2010
2011,OCT,347924.0,2011-10-01,2010
2011,NOV,349304.0,2011-11-01,2010
2011,DEC,349744.0,2011-12-01,2010
2012,JAN,352862.0,2012-01-01,2010
2012,FEB,357379.0,2012-02-01,2010
2012,MAR,358719.0,2012-03-01,2010
2012,APR,356849.0,2012-04-01,2010
2012,MAY,356018.0,2012-05-01,2010
2012,JUN,352043.0,2012-06-01,2010
2012,JUL,353891.0,2012-07-01,2010
2012,AUG,358450.0,2012-08-01,2010
2012,SEP,361470.0,2012-09-01,2010
2012,OCT,361991.0,2012-10-01,2010
2012,NOV,362876.0,2012-11-01,2010
2012,DEC,364488.0,2012-12-01,2010
2013,JAN,367009.0,2013-01-01,2010
2013,FEB,372291.0,2013-02-01,2010
2013,MAR,369081.0,2013-03-01,2010
2013,APR,367514.0,2013-04-01,2010
2013,MAY,369493.0,2013-05-01,2010
2013,JUN,371041.0,2013-06-01,2010
2013,JUL,373554.0,2013-07-01,2010
2013,AUG,372489.0,2013-08-01,2010
2013,SEP,372505.0,2013-09-01,2010
2013,OCT,373663.0,2013-10-01,2010
2013,NOV,373914.0,2013-11-01,2010
2013,DEC,377032.0,2013-12-01,2010
2014,JAN,373033.0,2014-01-01,2010
2014,FEB,378581.0,2014-02-01,2010
2014,MAR,382601.0,2014-03-01,2010
2014,APR,386689.0,2014-04-01,2010
2014,MAY,387100.0,2014-05-01,2010
2014,JUN,388106.0,2014-06-01,2010
2014,JUL,388359.0,2014-07-01,2010
2014,AUG,391305.0,2014-08-01,2010
2014,SEP,389860.0,2014-09-01,2010
2014,OCT,390506.0,2014-10-01,2010
2014,NOV,391805.0,2014-11-01,2010
2014,DEC,388569.0,2014-12-01,2010
2015,JAN,385648.0,2015-01-01,2010
2015,FEB,385157.0,2015-02-01,2010
2015,MAR,391420.0,2015-03-01,2010
2015,APR,391356.0,2015-04-01,2010
2015,MAY,394718.0,2015-05-01,2010
2015,JUN,395464.0,2015-06-01,2010
2015,JUL,398193.0,2015-07-01,2010
2015,AUG,398105.0,2015-08-01,2010
2015,SEP,396248.0,2015-09-01,2010
2015,OCT,394503.0,2015-10-01,2010
2015,NOV,396240.0,2015-11-01,2010
2015,DEC,397052.0,2015-12-01,2010
2016,JAN,394749.0,2016-01-01,2010
2016,FEB,398105.0,2016-02-01,2010
2016,MAR,396911.0,2016-03-01,2010
2016,APR,398190.0,2016-04-01,2010
2016,MAY,400143.0,2016-05-01,2010
2016,JUN,404756.0,2016-06-01,2010
2016,JUL,403730.0,2016-07-01,2010
2016,AUG,403968.0,2016-08-01,2010
2016,SEP,405958.0,2016-09-01,2010
2016,OCT,407395.0,2016-10-01,2010
2016,NOV,406061.0,2016-11-01,2010
2016,DEC,412610.0,2016-12-01,2010
2017,JAN,416081.0,2017-01-01,2010
2017,FEB,415503.0,2017-02-01,2010
2017,MAR,414620.0,2017-03-01,2010
2017,APR,416889.0,2017-04-01,2010
2017,MAY,414540.0,2017-05-01,2010
2017,JUN,416505.0,2017-06-01,2010
2017,JUL,416744.0,2017-07-01,2010
2017,AUG,417179.0,2017-08-01,2010
2017,SEP,426501.0,2017-09-01,2010
2017,OCT,426933.0,2017-10-01,2010
2017,NOV,431158.0,2017-11-01,2010
2017,DEC,433282.0,2017-12-01,2010
2018,JAN,432148.0,2018-01-01,2010
2018,FEB,434106.0,2018-02-01,2010
2018,MAR,433232.0,2018-03-01,2010
2018,APR,435610.0,2018-04-01,2010
2018,MAY,439996.0,2018-05-01,2010
2018,JUN,438191.0,2018-06-01,2010
2018,JUL,440703.0,2018-07-01,2010
2018,AUG,439278.0,2018-08-01,2010
2018,SEP,438985.0,2018-09-01,2010
2018,OCT,444038.0,2018-10-01,2010
2018,NOV,445242.0,2018-11-01,2010
2018,DEC,434803.0,2018-12-01,2010
2019,JAN,440751.0,2019-01-01,2010
2019,FEB,439996.0,2019-02-01,2010
2019,MAR,447167.0,2019-03-01,2010
2019,APR,448709.0,2019-04-01,2010
2019,MAY,449552.0,2019-05-01,2010
2019,JUN,450927.0,2019-06-01,2010
2019,JUL,454012.0,2019-07-01,2010
2019,AUG,456500.0,2019-08-01,2010
2019,SEP,452849.0,2019-09-01,2010
2019,OCT,455486.0,2019-10-01,2010
2019,NOV,457658.0,2019-11-01,2010
2019,DEC,458055.0,2019-12-01,2010
2020,JAN,460586.0,2020-01-01,2020
2020,FEB,459610.0,2020-02-01,2020
2020,MAR,434281.0,2020-03-01,2020
2020,APR,379892.0,2020-04-01,2020
2020,MAY,444631.0,2020-05-01,2020
2020,JUN,476343.0,2020-06-01,2020
